{"providers":[{"chars":["ꑀ"],"file":"required/null.png","ascent":-32768,"height":-514,"type":"bitmap"},{"chars":["⚮"],"file":"required/royal.png","ascent":8,"height":10,"type":"bitmap"},{"chars":["ꐣ"],"file":"required/75white.png","ascent":8,"height":12,"type":"bitmap"},{"chars":["‸"],"file":"required/owner.png","ascent":8,"height":10,"type":"bitmap"},{"chars":["ꐢ"],"file":"required/74orange.png","ascent":8,"height":12,"type":"bitmap"},{"chars":["ꐫ"],"file":"required/exit_icon.png","ascent":8,"height":8,"type":"bitmap"},{"chars":["⦈"],"file":"required/mvp.png","ascent":8,"height":10,"type":"bitmap"},{"chars":["ꐱ"],"file":"required/null.png","ascent":-32768,"height":30,"type":"bitmap"},{"chars":["ꐧ"],"file":"required/fire.png","ascent":8,"height":10,"type":"bitmap"},{"chars":["ꐵ"],"file":"required/null.png","ascent":-32768,"height":510,"type":"bitmap"},{"chars":["ꐶ"],"file":"required/null.png","ascent":-32768,"height":1022,"type":"bitmap"},{"chars":["ꐡ"],"file":"required/73green.png","ascent":8,"height":12,"type":"bitmap"},{"chars":["ꐦ"],"file":"required/crown.png","ascent":8,"height":10,"type":"bitmap"},{"chars":["ꐠ"],"file":"required/72red.png","ascent":8,"height":12,"type":"bitmap"},{"chars":["ꐰ"],"file":"required/null.png","ascent":-32768,"height":14,"type":"bitmap"},{"chars":["ꐟ"],"file":"required/71cyan.png","ascent":8,"height":12,"type":"bitmap"},{"chars":["ꐩ"],"file":"required/gdot.png","ascent":8,"height":10,"type":"bitmap"},{"chars":["ꐲ"],"file":"required/null.png","ascent":-32768,"height":62,"type":"bitmap"},{"chars":["ꐸ"],"file":"required/null.png","ascent":-32768,"height":-4,"type":"bitmap"},{"chars":["ꐷ"],"file":"required/null.png","ascent":-32768,"height":-3,"type":"bitmap"},{"chars":["ꑁ"],"file":"required/null.png","ascent":-32768,"height":-1026,"type":"bitmap"},{"chars":["ꐤ"],"file":"required/claims.png","ascent":8,"height":10,"type":"bitmap"},{"chars":["₋"],"file":"required/dragonmc.png","ascent":33,"height":62,"type":"bitmap"},{"chars":["⧆"],"file":"required/dragonmc-network.png","ascent":33,"height":62,"type":"bitmap"},{"chars":["ꐹ"],"file":"required/null.png","ascent":-32768,"height":-6,"type":"bitmap"},{"chars":["ꐼ"],"file":"required/null.png","ascent":-32768,"height":-34,"type":"bitmap"},{"chars":["ꐘ"],"file":"required/null.png","ascent":33,"height":42,"type":"bitmap"},{"chars":["ꐥ"],"file":"required/coin.png","ascent":8,"height":10,"type":"bitmap"},{"chars":["ꐺ"],"file":"required/null.png","ascent":-32768,"height":-10,"type":"bitmap"},{"chars":[""],"file":"required/love.png","ascent":8,"height":10,"type":"bitmap"},{"chars":["ꐨ"],"file":"required/flight.png","ascent":8,"height":10,"type":"bitmap"},{"chars":[""],"file":"required/shield.png","ascent":8,"height":10,"type":"bitmap"},{"chars":["┱"],"file":"required/player.png","ascent":8,"height":10,"type":"bitmap"},{"chars":["➫"],"file":"required/vip.png","ascent":8,"height":10,"type":"bitmap"},{"chars":["♮"],"file":"required/vote.png","ascent":8,"height":10,"type":"bitmap"},{"chars":["ꐞ"],"file":"required/70pink.png","ascent":8,"height":12,"type":"bitmap"},{"chars":["ꐿ"],"file":"required/null.png","ascent":-32768,"height":-258,"type":"bitmap"},{"chars":["ꐪ"],"file":"required/gem.png","ascent":8,"height":10,"type":"bitmap"},{"chars":["⫔"],"file":"required/gem.png","ascent":8,"height":10,"type":"bitmap"},{"chars":["⵭"],"file":"required/vipplus.png","ascent":8,"height":10,"type":"bitmap"},{"chars":["ꐴ"],"file":"required/null.png","ascent":-32768,"height":254,"type":"bitmap"},{"chars":["ꐽ"],"file":"required/null.png","ascent":-32768,"height":-66,"type":"bitmap"},{"chars":[""],"file":"required/afk.png","ascent":8,"height":10,"type":"bitmap"},{"chars":["🠩"],"file":"required/telegram.png","ascent":8,"height":10,"type":"bitmap"},{"chars":["ꐾ"],"file":"required/null.png","ascent":-32768,"height":-130,"type":"bitmap"},{"chars":["ꐻ"],"file":"required/null.png","ascent":-32768,"height":-18,"type":"bitmap"},{"chars":["᜗"],"file":"required/youtuber.png","ascent":8,"height":10,"type":"bitmap"},{"chars":["ꐯ"],"file":"required/null.png","ascent":-32768,"height":6,"type":"bitmap"},{"chars":["ꐬ"],"file":"required/null.png","ascent":-32768,"height":-1,"type":"bitmap"},{"chars":["ꐭ"],"file":"required/null.png","ascent":-32768,"height":0,"type":"bitmap"},{"chars":["ꐮ"],"file":"required/null.png","ascent":-32768,"height":2,"type":"bitmap"},{"chars":["⮩"],"file":"required/youtube.png","ascent":8,"height":10,"type":"bitmap"},{"chars":["෸"],"file":"required/admin.png","ascent":8,"height":10,"type":"bitmap"}]}