{
  "providers": [
    {
      "chars": ["ꑀ"],
      "file": "minecraft:required/null.png",
      "ascent": -32768,
      "height": -514,
      "type": "bitmap"
    },
    {
      "chars": ["ꐕ"],
      "file": "minecraft:required/royal.png",
      "ascent": 8,
      "height": 10,
      "type": "bitmap"
    },
    {
      "chars": ["ꐣ"],
      "file": "minecraft:required/75white.png",
      "ascent": 8,
      "height": 12,
      "type": "bitmap"
    },
    {
      "chars": ["ꐙ"],
      "file": "minecraft:required/owner.png",
      "ascent": 8,
      "height": 10,
      "type": "bitmap"
    },
    {
      "chars": ["ꐢ"],
      "file": "minecraft:required/74orange.png",
      "ascent": 8,
      "height": 12,
      "type": "bitmap"
    },
    {
      "chars": ["ꐫ"],
      "file": "minecraft:required/exit_icon.png",
      "ascent": 8,
      "height": 8,
      "type": "bitmap"
    },
    {
      "chars": ["ꐔ"],
      "file": "minecraft:required/mvp.png",
      "ascent": 8,
      "height": 10,
      "type": "bitmap"
    },
    {
      "chars": ["ꐱ"],
      "file": "minecraft:required/null.png",
      "ascent": -32768,
      "height": 30,
      "type": "bitmap"
    },
    {
      "chars": ["ꐧ"],
      "file": "minecraft:required/fire.png",
      "ascent": 8,
      "height": 10,
      "type": "bitmap"
    },
    {
      "chars": ["ꐵ"],
      "file": "minecraft:required/null.png",
      "ascent": -32768,
      "height": 510,
      "type": "bitmap"
    },
    {
      "chars": ["ꐶ"],
      "file": "minecraft:required/null.png",
      "ascent": -32768,
      "height": 1022,
      "type": "bitmap"
    },
    {
      "chars": ["ꐡ"],
      "file": "minecraft:required/73green.png",
      "ascent": 8,
      "height": 12,
      "type": "bitmap"
    },
    {
      "chars": ["ꐦ"],
      "file": "minecraft:required/crown.png",
      "ascent": 8,
      "height": 10,
      "type": "bitmap"
    },
    {
      "chars": ["ꐠ"],
      "file": "minecraft:required/72red.png",
      "ascent": 8,
      "height": 12,
      "type": "bitmap"
    },
    {
      "chars": ["ꐰ"],
      "file": "minecraft:required/null.png",
      "ascent": -32768,
      "height": 14,
      "type": "bitmap"
    },
    {
      "chars": ["ꐟ"],
      "file": "minecraft:required/71cyan.png",
      "ascent": 8,
      "height": 12,
      "type": "bitmap"
    },
    {
      "chars": ["ꐩ"],
      "file": "minecraft:required/gdot.png",
      "ascent": 8,
      "height": 10,
      "type": "bitmap"
    },
    {
      "chars": ["ꐲ"],
      "file": "minecraft:required/null.png",
      "ascent": -32768,
      "height": 62,
      "type": "bitmap"
    },
    {
      "chars": ["ꐸ"],
      "file": "minecraft:required/null.png",
      "ascent": -32768,
      "height": -4,
      "type": "bitmap"
    },
    {
      "chars": ["ꐷ"],
      "file": "minecraft:required/null.png",
      "ascent": -32768,
      "height": -3,
      "type": "bitmap"
    },
    {
      "chars": ["ꑁ"],
      "file": "minecraft:required/null.png",
      "ascent": -32768,
      "height": -1026,
      "type": "bitmap"
    },
    {
      "chars": ["ꐤ"],
      "file": "minecraft:required/claims.png",
      "ascent": 33,
      "height": 31,
      "type": "bitmap"
    },
    {
      "chars": [""],
      "file": "minecraft:required/dragonmc.png",
      "ascent": 33,
      "height": 62,
      "type": "bitmap"
    },
    {
      "chars": ["ꐒ"],
      "file": "minecraft:required/dragonmc-network.png",
      "ascent": 33,
      "height": 62,
      "type": "bitmap"
    },
    {
      "chars": ["ꐳ"],
      "file": "minecraft:required/null.png",
      "ascent": -32768,
      "height": 126,
      "type": "bitmap"
    },
    {
      "chars": ["ꐹ"],
      "file": "minecraft:required/null.png",
      "ascent": -32768,
      "height": -6,
      "type": "bitmap"
    },
    {
      "chars": ["ꐼ"],
      "file": "minecraft:required/null.png",
      "ascent": -32768,
      "height": -34,
      "type": "bitmap"
    },
    {
      "chars": ["ꐥ"],
      "file": "minecraft:required/coin.png",
      "ascent": 8,
      "height": 10,
      "type": "bitmap"
    },
    {
      "chars": ["ꐺ"],
      "file": "minecraft:required/null.png",
      "ascent": -32768,
      "height": -10,
      "type": "bitmap"
    },
    {
      "chars": [""],
      "file": "minecraft:required/love.png",
      "ascent": 8,
      "height": 10,
      "type": "bitmap"
    },
    {
      "chars": ["ꐨ"],
      "file": "minecraft:required/flight.png",
      "ascent": 8,
      "height": 10,
      "type": "bitmap"
    },
    {
      "chars": [""],
      "file": "minecraft:required/shield.png",
      "ascent": 8,
      "height": 10,
      "type": "bitmap"
    },
    {
      "chars": ["ꐐ"],
      "file": "minecraft:required/player.png",
      "ascent": 8,
      "height": 10,
      "type": "bitmap"
    },
    {
      "chars": ["ꐓ"],
      "file": "minecraft:required/vip.png",
      "ascent": 8,
      "height": 10,
      "type": "bitmap"
    },
    {
      "chars": ["ꐚ"],
      "file": "minecraft:required/vote.png",
      "ascent": 8,
      "height": 10,
      "type": "bitmap"
    },
    {
      "chars": [""],
      "file": "minecraft:required/vipplus.png",
      "ascent": 8,
      "height": 10,
      "type": "bitmap"
    },
    {
      "chars": ["ꐞ"],
      "file": "minecraft:required/70pink.png",
      "ascent": 8,
      "height": 12,
      "type": "bitmap"
    },
    {
      "chars": ["ꐿ"],
      "file": "minecraft:required/null.png",
      "ascent": -32768,
      "height": -258,
      "type": "bitmap"
    },
    {
      "chars": ["ꐪ"],
      "file": "minecraft:required/gem.png",
      "ascent": 8,
      "height": 10,
      "type": "bitmap"
    },
    {
      "chars": ["ꐴ"],
      "file": "minecraft:required/null.png",
      "ascent": -32768,
      "height": 254,
      "type": "bitmap"
    },
    {
      "chars": ["ꐽ"],
      "file": "minecraft:required/null.png",
      "ascent": -32768,
      "height": -66,
      "type": "bitmap"
    },
    {
      "chars": ["ꐝ"],
      "file": "minecraft:required/afk.png",
      "ascent": 8,
      "height": 10,
      "type": "bitmap"
    },
    {
      "chars": ["ꐛ"],
      "file": "minecraft:required/crate.png",
      "ascent": 8,
      "height": 10,
      "type": "bitmap"
    },
    {
      "chars": ["ꐾ"],
      "file": "minecraft:required/null.png",
      "ascent": -32768,
      "height": -130,
      "type": "bitmap"
    },
    {
      "chars": ["ꐻ"],
      "file": "minecraft:required/null.png",
      "ascent": -32768,
      "height": -18,
      "type": "bitmap"
    },
    {
      "chars": ["ꐑ"],
      "file": "minecraft:required/youtuber.png",
      "ascent": 8,
      "height": 10,
      "type": "bitmap"
    },
    {
      "chars": [""],
      "file": "minecraft:required/youtube.png",
      "ascent": 8,
      "height": 10,
      "type": "bitmap"
    },
    {
      "chars": ["ꐯ"],
      "file": "minecraft:required/null.png",
      "ascent": -32768,
      "height": 6,
      "type": "bitmap"
    },
    {
      "chars": [""],
      "file": "minecraft:required/telegram.png",
      "ascent": 8,
      "height": 10,
      "type": "bitmap"
    },
    {
      "chars": ["ꐬ"],
      "file": "minecraft:required/null.png",
      "ascent": -32768,
      "height": -1,
      "type": "bitmap"
    },
    {
      "chars": ["ꐭ"],
      "file": "minecraft:required/null.png",
      "ascent": -32768,
      "height": 0,
      "type": "bitmap"
    },
    {
      "chars": ["ꐮ"],
      "file": "minecraft:required/null.png",
      "ascent": -32768,
      "height": 2,
      "type": "bitmap"
    },
    {
      "chars": ["ꐖ"],
      "file": "minecraft:required/staff.png",
      "ascent": 8,
      "height": 10,
      "type": "bitmap"
    },
    {
      "chars": ["ꐗ"],
      "file": "minecraft:required/admin.png",
      "ascent": 8,
      "height": 10,
      "type": "bitmap"
    }
  ]
}
