{"sources":[{"type":"single","resource":"minecraft:required/ui/menu_items_gems","sprite":"minecraft:required/ui/menu_items_gems"},{"type":"single","resource":"minecraft:required/ui/menu_items","sprite":"minecraft:required/ui/menu_items"},{"type":"single","resource":"minecraft:required/ui/menu_banner","sprite":"minecraft:required/ui/menu_banner"},{"type":"single","resource":"minecraft:required/recipe_stonecutter","sprite":"minecraft:required/recipe_stonecutter"},{"type":"single","resource":"minecraft:required/recipe_showcase","sprite":"minecraft:required/recipe_showcase"},{"type":"single","resource":"minecraft:required/particle","sprite":"minecraft:required/particle"},{"type":"single","resource":"minecraft:required/logo","sprite":"minecraft:required/logo"},{"type":"single","resource":"minecraft:required/ascii_offset","sprite":"minecraft:required/ascii_offset"},{"type":"single","resource":"minecraft:required/arrow_previous_icon","sprite":"minecraft:required/arrow_previous_icon"},{"type":"single","resource":"minecraft:required/arrow_next_icon","sprite":"minecraft:required/arrow_next_icon"},{"type":"single","resource":"minecraft:models/armor/leather_layer_2_overlay","sprite":"minecraft:models/armor/leather_layer_2_overlay"},{"type":"single","resource":"minecraft:models/armor/leather_layer_1_overlay","sprite":"minecraft:models/armor/leather_layer_1_overlay"}]}